{"cHpto4Yc45o": 1.0910465345343119, "BWBUXxyRILw": 0.7552705228449563, "hPnWQRQAEko": 1.2564487323416047, "jx0WwCGCh-0": 1.0396696522165403, "WdFrWzyYoQg": 1.479043274008767, "Rjk7yfFQCPI": 1.0761770143589435, "49xW1lvvUtQ": 1.0441226285259102, "zaXgWpyRf68": 0.8281405808581069, "LxI8Mko_MKs": 1.1651753408177377, "-VjpRFaz5f4": 0.5936644915403837, "j9as5xwUwA8": 1.1314507240148008, "SQUNkr4bQyQ": 0.9489112420424525, "CJh-mscFZgU": 1.1129559676954277, "ftu1cc1A8q8": 1.1046482657502947, "pflzzK47wEo": 0.9869003618703753, "pv1TnTohJo8": 0.9760560393233394, "B03dhB-YmMM": 1.13829841859529, "yGAPgGgodyo": 1.194417812190502, "VAAia4PpxZc": 0.4401548517576806, "j-d7-5lWcT4": 1.0908299216842745, "FP4Hw1IEWCA": 0.9652262449992367, "kpa7QyOtIHI": 1.0097809484108935, "o8tmvzs6F4Q": 1.0231198263436956, "9vRUxbzJZ9Y": 1.03312640275136, "7m8pab1MfYY": 0.9387842443610855, "ADB7EXNTVqs": 1.2080735240993112, "mylsICZfBpo": 0.9269373803355188, "bGx4MAxsVuI": 1.1414189696752193, "9rVsdCMxeiA": 1.2431754914149538, "ZP_Q0vU-wU8": 1.1063934382819713, "mixmc-woOF8": 1.2100556265387223, "O74Bw-NcCkY": 0.970898576608322, "nUQtUX3zDoU": 1.070859383093709, "LYbCruklFEQ": 0.6115362024183565, "mExCdX2EPyY": 0.902023980445424, "-8T8AXxVFZg": 1.0983116091657894, "3nWlFHGKNAk": 0.9189962576852284, "aTuYZqhEvuk": 1.132190391270799, "mTsArBWQbhs": 1.1721119437639584, "8iQAhz7rzVs": 0.8554574005823767, "zi5Y8ZluvQo": 0.8175908239513474, "NJ-Dw7uiitE": 1.1116006257519924, "fgrbzv_HQeE": 1.0133825212444145, "DHkP5DqHvnc": 0.7211286255668425, "d-SBFpxf8Bk": 1.0638235066244819, "8EtLsCvHtg0": 0.023349444348265344, "-gLoe0n1CEQ": 0.9187199900385278, "mB26qQckcHc": 0.7556508928352232, "Ys5yKRESAOw": 0.9954155808904851, "iw4BEqvvgiw": 1.0275486453651468, "jJqP3ZUSy5E": 1.0231997947975358, "sOTiL4sKI-4": 0.6494593220666703, "NDAb2bewzbI": 0.9574112667342884, "jL4wZ8-RjTs": 1.208990930260717, "zhKN60gDjk8": 1.099822939035952, "e7IErqC25nU": 1.0785431650500072, "QgDq9EieZTg": 1.0280823687066227, "J1zJNuEFw2U": 1.0817307953895086, "CZ-pBiV9c1c": 0.9229572132851749, "AU66NP1kQm0": 1.0960553742846952, "Zi3q2FB1fDo": 0.9686660117246315, "CIld2wLmjXI": 0.9471344666633884, "UreW8x38Z2Y": 0.8608957955447463, "BvooIjkNJ24": 1.1908716539481596, "F-D7bOFCnXA": 1.0390894203867214, "r-lL6JT665g": 1.0467310729371344, "7-mC6P2B6Ac": 1.1373533399606208, "qic9_yRWj5U": 0.9315099806239463, "PauHW4ObHDo": 1.14925661329793, "tyESRmeZK1E": 0.9942875834887792, "99LfboDePVE": 1.1275622442668871, "EeGAH_Es_7s": 1.0672554299110677, "kbrZtHI5CSo": 0.8768122822839738, "vmz9pVWI2S4": 1.08432469476185, "NYBjfMwpvzs": 1.1194584646489694, "R4uDE45cYI4": 1.0347261334907307, "_FbKIp-6YzY": 0.8543393054325887, "Y0lczs-_w-I": 1.2144512369123552, "GometKBrL7E": 0.7964842241705786, "bqmKVKr4rGI": 0.8614935800202483, "3a2rB3LhRjo": 1.1730785803434838, "RQdyRhHDlRo": 1.17595266076289, "9i-VL98AuEY": 0.9440555664444491, "pG9JQOSadtk": 1.1154661338858014, "kYJj0I4YMHQ": 1.0122700097059703, "-3BEW8PBdhk": 0.9701379297791572, "BQMz9FUnJj0": 1.0395405560185091, "4cz7_-_VlmI": 0.9160706371690941, "yBRf7ajFSTU": 0.9052233733683844, "OEoXaMPEzfM": 0.898554255811253, "f2655NqIYtA": 1.0437412137132782, "nf-d1FFE-bE": 1.0505558471018361, "MJ4baVLD4uU": 0.5081227254135231, "dBmDYngT9qc": 0.8767918103877456, "Ns4TPTC8whw": 0.3908746294780079, "l4C_D90rBcY": 0.9804717538077392, "BXfWJbn8gKQ": 1.1663481411985668, "yeJJdf1sf7Y": 1.0394409990720124, "lCDWElPHVa4": 1.0121735585975042, "PkWUiKtz_DA": 0.67585488027941, "AQgw8njOMec": 1.1133476823818527, "SKyhk7j3NJA": 1.1307719564773888, "y0g_SJmVK40": 0.006721258134490218, "fwEyyCo5dxo": 0.9626738089128921, "flilzpxT3Pc": 1.0178887522875617, "uspdlFlDI8Y": 0.6806577751344344, "lcDQ7GqlS-M": 0.8873788474305725, "wq8v7M3Szr0": 1.0496725997857457, "gAj5vgOzJB0": 0.7820645133475136, "TMsWbuLGv-0": 0.48802617519461716, "i8fuPLQCW5A": 1.0869073855055251, "8ArBqJwU8M0": 0.7934210729046299, "JMD_ifUUfsU": 0.23039375638950238, "dEgc80Stfv8": 1.1199080014062028, "oJa01jCfTCU": 1.1325201384645955, "kB6-nallVQ4": 0.9365525219094086, "0b0bWcbQmFk": 0.8059403947788124, "ky6rSZOoBws": 1.113414257029302, "l8Hw2V1tXmc": 1.0465211571430661, "waIE0L9vfiI": 1.110292039699924, "bGWgqvhUfPU": 1.1113054491332628, "Kndq_cHHWOI": 1.0510090071784441, "euWTTA4YPaY": 1.0147732528836917, "XLjNHjfVdhs": 0.8985467629957418, "jq5M5Gmf0do": 1.0992780609902741, "hXyXRmJA8RU": 1.0564646387427388, "G0qUN3eTqlo": 1.0326590310645547, "Ejy6ILfh_hk": 1.314070660097199, "xnhi9-ud_vI": 1.0994825758052715, "DtPyN40SjaA": 1.1968438754894706, "FylxGyUzB7g": 1.037450302363732, "Zu0qEdz4Tq8": 1.1702085027889821, "EE910ZBFlCg": 0.96022426933779, "tJMrTNDdsR8": 0.5983289523240208, "Q-rY8DIwYgg": 0.8894207078642244, "VLCKdAY5Wtc": 0.6104304734742586, "QvSYtZhpvro": 0.18241588041493598, "WqKqfr_tX0Y": 1.0799089757198992, "xP87Epe8_5Y": 0.9392744045523082, "Zr_xWfThjJ0": 0.8842017096199505, "yml22-pGOc4": 0.6351778764598427, "-4Uvn-JUksI": 1.15277869654384, "1jnF2wBDvHg": 1.0926026064041, "kH_icrqrRzs": 1.2671490320619696, "OHsF77_yufc": 1.0711608492535494, "AG8_Qw5kS_0": 1.0303208590008488, "DKCKJJSYRU0": 1.2479415488231773, "O1Is56hu4EU": 1.1135440164171706, "oNn-NRjBP2U": 0.9767559831335528, "hX1aUXnDwgA": 1.0834241702280936, "CqeyFtxCqqE": 1.1025245478548569, "oGvdcAgHYxA": 1.1036801212396126, "YdT6gL3Cpss": 0.816901557542553, "bckOwpozezo": 0.8646175672561957, "WntLU2CrfdE": 1.0729697742419333, "yL9xpsz4E9k": 0.6570046207347684, "FQI929r5TTs": 0.6695334804725851, "sLycGWeSwPE": 1.007696585037802, "oMr9PpDodl8": 0.8435874043269161, "0bdP3Muy_kU": 1.0350766550559978, "5DgYyaBb21k": 0.6293537024090244, "lTnTlmM33dA": 0.9822306806037446, "--7OF8BOElA": 0.9369767217481719, "CsQrTLde-dM": 0.8729744673901717}