{"hU0rg2yhMy8": 0.9235772336721982, "vrkfsJDOI0c": 0.6630897072009037, "wVJsHCXIu_0": 0.8048918487642515, "1UHg-whQMg0": 1.3711166925878033, "yqau_rL2UMQ": 0.8661021319004018, "cHpto4Yc45o": 1.0910465345343119, "zaXgWpyRf68": 0.8281405808581069, "Mdxr2ooxLfA": 1.2645396365291615, "SQUNkr4bQyQ": 0.9489112420424525, "I10pLrGj6H4": 1.500424798037998, "0xo4p4phRT0": 0.8482541260981763, "lcDQ7GqlS-M": 0.8873788474305725, "yGAPgGgodyo": 1.194417812190502, "VAAia4PpxZc": 0.4401548517576806, "j-d7-5lWcT4": 1.0908299216842745, "ceFAdB5JFfs": 1.3739269445222442, "9vRUxbzJZ9Y": 1.03312640275136, "7m8pab1MfYY": 0.9387842443610855, "lofjsPyAa0I": 1.6113665259413275, "n0vUvfcWomU": 1.0416186492481545, "80z9tCVM-So": 1.451422086491225, "Hh7l4Wx-UEg": 1.7431491777610824, "-EdJu3W0chc": 0.488906131834097, "nUQtUX3zDoU": 1.070859383093709, "nrf7UKHzCVE": 1.2843402147964136, "l72e6DkypfM": 0.4412037960866152, "DHkP5DqHvnc": 0.7211286255668425, "zi5Y8ZluvQo": 0.8198221047012093, "nnOgjur2oWo": 1.3560421839666457, "F__lV3zIHyE": 0.6948247600305593, "g_VsGabNGJs": 1.7863408404907264, "-hhzTBIGXpw": 2.311779125082452, "ZPHw-hLdTzk": 1.3822335626650233, "8EtLsCvHtg0": 0.023349444348265344, "DX2h51__M6E": 0.7585622537701463, "mB26qQckcHc": 0.7556508928352232, "TMsWbuLGv-0": 0.48802617519461716, "iw4BEqvvgiw": 1.0275486453651468, "nz-97877FIQ": 1.4507941534398066, "r23o9VmgZXI": 1.479766178713506, "sthoJeJycL0": 0.7031761924422508, "xZtTOekMcZs": 1.4026168666671541, "4NwjEeOOQnk": 1.7686229844220058, "Y_VR_i86LcE": 1.4785050514182074, "AU66NP1kQm0": 1.0960553742846952, "-4Uvn-JUksI": 1.15277869654384, "r-lL6JT665g": 1.0467310729371344, "AKqURZnYqpk": 1.1858128483676227, "tCtxRU_tCVk": 0.7933433613083377, "qMkswkESiv4": 0.7495786721835892, "NYBjfMwpvzs": 1.1194584646489694, "uspdlFlDI8Y": 0.6806577751344344, "y0g_SJmVK40": 0.006721258134490218, "PQ9C_sDcJsQ": 0.8279776786337107, "kHvaCOww4XA": 1.4012231177980001, "vmz9pVWI2S4": 1.08432469476185, "iqkcFiCq2Hw": 1.0314219839503518, "OdADyq9GzXQ": 0.7760855733951498, "b_tvQtTkjzc": 1.3126144789864498, "wgIOKVV9q_k": 0.7173903969434391, "HaXzwJeEMc0": 1.6502009055707012, "3d9_Od8tdVc": 0.5962362393737245, "UXVl2pVySjc": 1.3800105738645756, "d9buYNFTSCY": 0.9074213520830379, "hhWwkjFGLhw": 1.6267879716397962, "rU9mAZCsByA": 1.6524680289145839, "OB55FS5zSUA": 0.7987221714260871, "Qn1H0jkpWC8": 0.9006291652256455, "Ns4TPTC8whw": 0.3908746294780079, "XVGqCzUsVR4": 1.2539608557401734, "779p0-tIQgw": 0.5162506130401245, "F2-Rau-7QHc": 1.2918207805978101, "nugHYNiD3fI": 0.5208859902716777, "EKKOC5Ddl0I": 1.4354593996787328, "fSUR-4UFxYI": 1.170968542119187, "SKyhk7j3NJA": 1.1307719564773888, "cgXRFBSkt44": 0.82780927174869, "N0BaN7ESi94": 0.809143900326849, "nYKo1onIq-4": 1.5279492264746295, "f2655NqIYtA": 1.0437412137132782, "ms5wEi45hDg": 1.1895693151314874, "sViMNECYhZs": 1.0815214381475768, "hqgzHVv0CGM": 0.7863832137199676, "R0GYeampq_I": 0.7258818535246809, "iTa0PltyUUk": 0.6816665309130505, "6bv0Wj2FHks": 1.679013485496771, "34JWz2b036k": 1.0081500158310917, "oQOENU-9wlk": 1.7709289119732006, "2MuvoHvFfPA": 1.3855859175465863, "IY4FJcDY31E": 0.7681262669899517, "8ArBqJwU8M0": 0.7934210729046299, "gppEptvj5m8": 1.3628551916232126, "dmdKs_2F9oY": 0.7259515079291657, "dTIllxJyfGw": 1.3619075533242335, "xwSi_y6nHkA": 1.5599100111915691, "kB6-nallVQ4": 0.9365525219094086, "c9ATv_H2ikw": 0.8788584854442096, "y2AQj3Iz3jE": 0.7647620596707413, "l8Hw2V1tXmc": 1.0465211571430661, "jJqP3ZUSy5E": 1.0231997947975358, "KBv8bXhX2nY": 0.7609169704513593, "h2-pEJkYV88": 1.177788929876123, "zIdIa4oOL5c": 1.3761115038304854, "bGWgqvhUfPU": 1.1113054491332628, "W2qvS0Z0pys": 0.8580821960763905, "sOTiL4sKI-4": 0.6494593220666703, "bnludeBa7xk": 0.7590844402428482, "dioRzS_GaQE": 1.0962475002959629, "QBUwALLwa6s": 1.1275765363081587, "sBO79i33XY0": 1.0842957152465422, "xnhi9-ud_vI": 1.0994825758052715, "N3HFeQSng3E": 0.8325669891068957, "l3sos0KXuWM": 0.9036375730666629, "6MyzPmD5U1k": 1.295623468054939, "NZD3vHP3Du0": 0.8042926117495776, "SecWG8XDMuQ": 0.9762030698040634, "DYpADpL7jAY": 0.4127396965624664, "tuCW82g_Iww": 1.4161763855334117, "tJMrTNDdsR8": 0.5983289523240208, "YcHYZn9CZJo": 1.376856324784535, "LS9Pty43KYI": 0.38420744498931936, "VLCKdAY5Wtc": 0.6104304734742586, "DwuTG2eg6zY": 1.4203371264594946, "QvSYtZhpvro": 0.18241588041493598, "kh6ObBUuqh4": 1.211648097003321, "5RMxyeWCrWg": 1.3080933305040725, "Zr_xWfThjJ0": 0.8842017096199505, "Y3mTBMHW2Oo": 0.8340579742151755, "_WND2xbMPY0": 1.4445056592000658, "la7qhtQ2QKQ": 1.1019678075125516, "AAQm1X4kzgc": 0.7339949389540861, "6gqGXV31U28": 1.5753310021972087, "FbrLdGoLOJg": 1.1847496873990209, "DKCKJJSYRU0": 1.2479415488231773, "dIp3HfiAQv0": 1.6099032307587249, "O1Is56hu4EU": 1.1135440164171706, "TaUCUrBXW5o": 0.6455791961362825, "0ruvkFDFUFo": 1.1386261217265918, "8ODSDLqiEyc": 1.5795374667392075, "oNn-NRjBP2U": 0.9767559831335528, "uKE5tu2LcwQ": 0.9115982957370953, "d9iwoImFv8Q": 1.244617292289881, "yFb02XwLT8A": 0.4408226052705576, "kbrZtHI5CSo": 0.8768122822839738, "Y9O3f9YvQeQ": 1.6235208738222302, "_mxMpzfnQPo": 0.9244269460537555, "LajK2cZ6yrM": 1.3796015274043911, "ExOuMrNkdBw": 0.9151546346756539, "2dRCX7AkSxQ": 1.447389567610636, "5HjSl21t9OA": 1.287128320291151, "nj51lkTrXR0": 0.7965536782413735, "znKQNgRlZ9U": 1.7962718373060143, "Uq9vmoegl78": 0.8023889190477252, "RKw0X_4h96Q": 1.5136475202999973, "yL9xpsz4E9k": 0.6570046207347684, "YKwD4DoXshg": 0.782965826142092, "oMr9PpDodl8": 0.8435874043269161, "5DgYyaBb21k": 0.6293537024090244, "1ojFp2Rkqa0": 0.8298680709450841, "lTnTlmM33dA": 0.9822306806037446, "l_Xc-2AjLb8": 0.828657507239337, "VgFTmM9epXo": 1.7718535587289825, "-xqnEcUnBHs": 1.3555523821107551, "OsNYR2pYhyk": 1.5368214958366935}