{"IRxsjPGh1oQ": 0.868362480127186, "cHpto4Yc45o": 0.8623211446740858, "BWBUXxyRILw": 0.5402225755166932, "hPnWQRQAEko": 0.88362480127186, "jx0WwCGCh-0": 0.9545310015898251, "WdFrWzyYoQg": 1.0351351351351352, "Rjk7yfFQCPI": 0.9227344992050874, "ky6rSZOoBws": 0.8491255961844197, "11z8XCDvC3Q": 0.9411764705882353, "-VjpRFaz5f4": 0.2645468998410175, "j9as5xwUwA8": 0.9178060413354531, "SQUNkr4bQyQ": 0.7200317965023847, "CJh-mscFZgU": 0.8580286168521463, "ftu1cc1A8q8": 0.5957074721780604, "pflzzK47wEo": 0.6364069952305247, "pv1TnTohJo8": 0.8917329093799682, "fwEyyCo5dxo": 0.7387917329093799, "i8fuPLQCW5A": 0.6858505564387918, "VAAia4PpxZc": 0.014785373608903021, "j-d7-5lWcT4": 0.8282988871224165, "FP4Hw1IEWCA": 0.734181240063593, "kpa7QyOtIHI": 0.9174880763116057, "o8tmvzs6F4Q": 0.8432432432432433, "7m8pab1MfYY": 0.739268680445151, "ADB7EXNTVqs": 0.8817170111287759, "mylsICZfBpo": 0.86120826709062, "mExCdX2EPyY": 0.8914149443561208, "9rVsdCMxeiA": 0.9806041335453101, "uuw89vV7bGg": 0.9292527821939587, "mixmc-woOF8": 0.8610492845786963, "nUQtUX3zDoU": 0.88362480127186, "LYbCruklFEQ": 0.6556438791732909, "bGx4MAxsVuI": 0.914785373608903, "3nWlFHGKNAk": 0.8620031796502384, "mTsArBWQbhs": 0.7209856915739269, "8iQAhz7rzVs": 0.9496025437201908, "SVQuLOiHJeE": 0.9558028616852147, "f3TskgnL_3U": 0.9551669316375199, "fgrbzv_HQeE": 0.6550079491255962, "9VqKk8cn6Cg": 0.8729729729729729, "-gLoe0n1CEQ": 0.4793322734499205, "mB26qQckcHc": 0.6158982511923689, "FuJyo3kNgto": 0.9861685214626391, "jJqP3ZUSy5E": 0.8682034976152623, "qA24CgJ1Zc8": 0.9348171701112877, "jL4wZ8-RjTs": 0.9411764705882353, "Zoy7t4LbAPY": 0.9160572337042925, "zhKN60gDjk8": 0.8869634340222575, "e7IErqC25nU": 0.8205087440381558, "QgDq9EieZTg": 0.8655007949125596, "J1zJNuEFw2U": 0.04499205087440382, "CZ-pBiV9c1c": 0.7440381558028617, "2Y5CrREsJ-4": 0.9585055643879173, "AU66NP1kQm0": 0.8500794912559618, "Zi3q2FB1fDo": 0.8564387917329094, "CIld2wLmjXI": 0.9144674085850556, "-4Uvn-JUksI": 0.09157392686804451, "R4uDE45cYI4": 0.8340222575516694, "aTuYZqhEvuk": 0.9211446740858505, "r-lL6JT665g": 0.9941176470588236, "FMGal3lXcjw": 0.946899841017488, "7-mC6P2B6Ac": 0.9279809220985692, "qic9_yRWj5U": 0.8435612082670906, "tyESRmeZK1E": 0.7899841017488076, "PauHW4ObHDo": 0.912241653418124, "EeGAH_Es_7s": 0.8529411764705882, "hX1aUXnDwgA": 0.010969793322734499, "vmz9pVWI2S4": 0.9335453100158982, "_FbKIp-6YzY": 0.7631160572337043, "Y0lczs-_w-I": 0.9666136724960255, "GometKBrL7E": 0.5507154213036566, "3a2rB3LhRjo": 0.8578696343402226, "RQdyRhHDlRo": 0.7899841017488076, "9i-VL98AuEY": 0.7602543720190779, "kYJj0I4YMHQ": 0.6427662957074721, "-3BEW8PBdhk": 0.590779014308426, "BQMz9FUnJj0": 0.6329093799682035, "4cz7_-_VlmI": 0.8961844197138314, "yBRf7ajFSTU": 0.6682034976152623, "B03dhB-YmMM": 0.7883942766295707, "OEoXaMPEzfM": 1.0914149443561207, "nf-d1FFE-bE": 0.7039745627980922, "MJ4baVLD4uU": 0.43497615262321143, "O74Bw-NcCkY": 0.5950715421303656, "BXfWJbn8gKQ": 0.6823529411764706, "yeJJdf1sf7Y": 0.9062003179650239, "Ys5yKRESAOw": 0.8449920508744038, "PkWUiKtz_DA": 0.34689984101748805, "AQgw8njOMec": 0.010174880763116057, "SKyhk7j3NJA": 0.010810810810810811, "bqmKVKr4rGI": 0.49030206677265503, "Zu0qEdz4Tq8": 0.8982511923688394, "hI10vDNYz4M": 0.8562798092209857, "flilzpxT3Pc": 0.7608903020667727, "f2655NqIYtA": 0.9314785373608903, "lcDQ7GqlS-M": 0.6696343402225755, "WntLU2CrfdE": 0.45691573926868045, "gAj5vgOzJB0": 0.46343402225755165, "yGAPgGgodyo": 0.9545310015898251, "8ArBqJwU8M0": 0.9575516693163753, "iw4BEqvvgiw": 0.8158982511923688, "CqeyFtxCqqE": 0.9217806041335453, "jq7Sujh5uDA": 0.7108108108108108, "oJa01jCfTCU": 0.9100158982511923, "kB6-nallVQ4": 0.646422893481717, "0b0bWcbQmFk": 0.5306836248012718, "49xW1lvvUtQ": 0.8298887122416534, "l8Hw2V1tXmc": 0.8831478537360891, "waIE0L9vfiI": 0.9453100158982511, "bGWgqvhUfPU": 0.8100158982511924, "Kndq_cHHWOI": 0.8496025437201907, "0bdP3Muy_kU": 0.6426073131955485, "XLjNHjfVdhs": 0.8128775834658187, "NDAb2bewzbI": 0.7027027027027027, "jq5M5Gmf0do": 1.0523052464228935, "G0qUN3eTqlo": 0.532114467408585, "Ejy6ILfh_hk": 0.943402225755167, "xnhi9-ud_vI": 1.0027027027027027, "DtPyN40SjaA": 0.9577106518282988, "FylxGyUzB7g": 0.9480127186009539, "pGd3WqZK4Cg": 0.8470588235294118, "g4uT2pXnwxc": 0.9381558028616852, "tJMrTNDdsR8": 0.3321144674085851, "Q-rY8DIwYgg": 0.6222575516693164, "NJ-Dw7uiitE": 0.6158982511923689, "twvmnuMYTQk": 0.9116057233704292, "WqKqfr_tX0Y": 0.8761526232114467, "UreW8x38Z2Y": 0.4972972972972973, "xP87Epe8_5Y": 0.89697933227345, "yml22-pGOc4": 0.3820349761526232, "LxI8Mko_MKs": 0.9195548489666137, "1jnF2wBDvHg": 0.685214626391097, "kH_icrqrRzs": 0.9573926868044516, "OHsF77_yufc": 0.6691573926868044, "wq8v7M3Szr0": 0.824483306836248, "AG8_Qw5kS_0": 0.8656597774244833, "ZP_Q0vU-wU8": 0.9068362480127186, "O1Is56hu4EU": 0.8373608903020667, "oNn-NRjBP2U": 0.7961844197138315, "kbrZtHI5CSo": 0.527027027027027, "dEgc80Stfv8": 1.0818759936406994, "oGvdcAgHYxA": 0.8502384737678855, "YdT6gL3Cpss": 0.6739268680445151, "bckOwpozezo": 0.5403815580286169, "NnWd5_X3n5s": 0.9777424483306836, "FQI929r5TTs": 0.475516693163752, "sLycGWeSwPE": 0.8230524642289349, "oMr9PpDodl8": 0.7990461049284578, "euWTTA4YPaY": 0.8146263910969793, "5DgYyaBb21k": 0.3629570747217806, "--7OF8BOElA": 0.8395866454689984, "CsQrTLde-dM": 0.8287758346581876}